INSERT INTO MAPSKILLS.INSTITUTION (ID, CODE, CNPJ, COMPANY, CITY, LEVEL, ID_GAME_THEME) VALUES (1, '146', 65090609000144, 'Jessen Vidal', 'São José dos Campos - SP', 1, null);
INSERT INTO MAPSKILLS.INSTITUTION (ID, CODE, CNPJ, COMPANY, CITY, LEVEL, ID_GAME_THEME) VALUES (2, '282', 65058955000145, 'Etec - São José dos Campos', 'São José dos Campos - SP', 0, null);

INSERT INTO MAPSKILLS.LOGIN (ID, USERNAME, PASSWORD) VALUES (1, 'rafael.alves@fatec.sp.gov.br', '$2a$05$tJviUIj4pLQyi7hCxzcWJenP67xHe3EcZoKWXy.TA13WYzWUBuaYK');
INSERT INTO MAPSKILLS.MENTOR (ID, NAME, ID_LOGIN, ID_INSTITUTION) VALUES (1, 'Rafael Henry Alves', 1, 1);

INSERT INTO MAPSKILLS.LOGIN (ID, USERNAME, PASSWORD) VALUES (2, 'isabel.cardoso@etec.sp.gov.br', '$2a$05$tJviUIj4pLQyi7hCxzcWJenP67xHe3EcZoKWXy.TA13WYzWUBuaYK');
INSERT INTO MAPSKILLS.MENTOR (ID, NAME, ID_LOGIN, ID_INSTITUTION) VALUES (2, 'Isabel Lorena Cardoso', 2, 2);


INSERT INTO MAPSKILLS.COURSE (ID, CODE, NAME, _PERIOD, ID_INSTITUTION) VALUES (1, '028', 'Banco de dados', 2, 1);
INSERT INTO MAPSKILLS.COURSE (ID, CODE, NAME, _PERIOD, ID_INSTITUTION) VALUES (2, '070', 'Manutenção de aeronaves', 2, 1);
INSERT INTO MAPSKILLS.COURSE (ID, CODE, NAME, _PERIOD, ID_INSTITUTION) VALUES (3, '178', 'Informática', 2, 2);
INSERT INTO MAPSKILLS.COURSE (ID, CODE, NAME, _PERIOD, ID_INSTITUTION) VALUES (4, '220', 'Administração', 2, 2);


INSERT INTO MAPSKILLS.LOGIN (ID, USERNAME, PASSWORD) VALUES (3, 'ricardo.murilo@fatec.sp.gov.br', '$2a$05$rxtH5C1Ffra4RgC11DcCK');
INSERT INTO MAPSKILLS.STUDENT (ID, NAME, RA, PHONE, COMPLETED, INSTITUTION_CODE, COURSE_CODE, START_YEAR, START_SEMESTER, CODE, ID_LOGIN, ID_COURSE) VALUES (3, 'Ricardo Ferreira', '1460281813003', '(12) 3781-0000', FALSE, '146', '028', '2018', '1', '3003', 3, 1);

INSERT INTO MAPSKILLS.LOGIN (ID, USERNAME, PASSWORD) VALUES (4, 'rafael.ramos@fatec.sp.gov.br', '$2a$05$rxtH5C1Ffra4RgC11DcCK');
INSERT INTO MAPSKILLS.STUDENT (ID, NAME, RA, PHONE, COMPLETED, INSTITUTION_CODE, COURSE_CODE, START_YEAR, START_SEMESTER, CODE, ID_LOGIN, ID_COURSE) VALUES (4, 'Rafael Vinicius Oliver Ramos', '1460701813004', '(12) 3831-8243', TRUE, '146', '070', '2018', '1', '3004', 4, 2);

INSERT INTO MAPSKILLS.LOGIN (ID, USERNAME, PASSWORD) VALUES (5, 'joaquim.real@fatec.sp.gov.br', '$2a$05$rxtH5C1Ffra4RgC11DcCK');
INSERT INTO MAPSKILLS.STUDENT (ID, NAME, RA, PHONE, COMPLETED, INSTITUTION_CODE, COURSE_CODE, START_YEAR, START_SEMESTER, CODE, ID_LOGIN, ID_COURSE) VALUES (5, 'Joaquim Kevin Tomás Corte Real', '1460281813005', '(12) 3839-0309', FALSE, '146', '028', '2018', '1', '3005', 5, 1);

INSERT INTO MAPSKILLS.LOGIN (ID, USERNAME, PASSWORD) VALUES (6, 'luana.rodrigues@fatec.sp.gov.br', '$2a$05$rxtH5C1Ffra4RgC11DcCK');
INSERT INTO MAPSKILLS.STUDENT (ID, NAME, RA, PHONE, COMPLETED, INSTITUTION_CODE, COURSE_CODE, START_YEAR, START_SEMESTER, CODE, ID_LOGIN, ID_COURSE) VALUES (6, 'Luna Aline Rodrigues', '1460701813006', '(12) 2931-5396', TRUE, '146', '070', '2018', '1', '3006', 6, 2);

INSERT INTO MAPSKILLS.LOGIN (ID, USERNAME, PASSWORD) VALUES (7, 'bianca.brito@etec.sp.gov.br', '$2a$05$rxtH5C1Ffra4RgC11DcCK');
INSERT INTO MAPSKILLS.STUDENT (ID, NAME, RA, PHONE, COMPLETED, INSTITUTION_CODE, COURSE_CODE, START_YEAR, START_SEMESTER, CODE, ID_LOGIN, ID_COURSE) VALUES (7, 'Bianca Mariana Brito', '28217818130007', '(12) 3697-5848', FALSE, '282', '178', '2018', '1', '30007', 7, 3);

INSERT INTO MAPSKILLS.LOGIN (ID, USERNAME, PASSWORD) VALUES (8, 'isaac.silveira@etec.sp.gov.br', '$2a$05$rxtH5C1Ffra4RgC11DcCK');
INSERT INTO MAPSKILLS.STUDENT (ID, NAME, RA, PHONE, COMPLETED, INSTITUTION_CODE, COURSE_CODE, START_YEAR, START_SEMESTER, CODE, ID_LOGIN, ID_COURSE) VALUES (8, 'Isaac Edson Silveira', '28217818110008', '(12) 2734-7401', TRUE, '282', '220', '2018', '1', '10008', 8, 4);

INSERT INTO MAPSKILLS.LOGIN (ID, USERNAME, PASSWORD) VALUES (9, 'francisca.teixeira@etec.sp.gov.br', '$2a$05$rxtH5C1Ffra4RgC11DcCK');
INSERT INTO MAPSKILLS.STUDENT (ID, NAME, RA, PHONE, COMPLETED, INSTITUTION_CODE, COURSE_CODE, START_YEAR, START_SEMESTER, CODE, ID_LOGIN, ID_COURSE) VALUES (9, 'Francisca Eloá Teixeira', '28217818110009', '(12) 3513-6978', FALSE, '282', '178', '2018', '1', '10009', 9, 3);

INSERT INTO MAPSKILLS.LOGIN (ID, USERNAME, PASSWORD) VALUES (10, 'renan.bernardes@etec.sp.gov.br', '$2a$05$rxtH5C1Ffra4RgC11DcCK');
INSERT INTO MAPSKILLS.STUDENT (ID, NAME, RA, PHONE, COMPLETED, INSTITUTION_CODE, COURSE_CODE, START_YEAR, START_SEMESTER, CODE, ID_LOGIN, ID_COURSE) VALUES (10, 'Renan Márcio Anthony Bernardes', '28217818110010', '(12) 3513-6978', TRUE, '282', '220', '2018', '1', '10010', 10, 4);